"","LogDurationA","LogDurationW","Lemma","Participant","Cond","Exponent","Frequency"
"11431",-1.32449562055674,-0.476859304924787,"schab","Art_02_S01","slow","t",-6.98004403496286
"1",-1.35775733141475,-0.359550419592346,"blas","Art_02_S01","slow","n",-5.74075963524368
"136",-1.49642180471795,-0.270137213893838,"schlaf","Art_02_S01","slow","en",-4.67630164601676
"71",-1.28434025352176,-0.377347249999988,"lahm","Art_02_S01","slow","en",-6.26363838052402
"11581",-1.33151003054347,-0.447127119591341,"lahm","Art_02_S01","slow","t",-6.46936984733652
"33",-1.41399124320945,-0.260911471399549,"fahnd","Art_02_S01","slow","en",-6.14938581176987
"100",-1.28936514828353,-0.335978401838643,"mahn","Art_02_S01","slow","en",-5.81383154910887
"16957",-1.18398019848286,-0.408548823881003,"bahn","Art_02_S01","slow","t",-5.76271867920494
"127",-1.29333921162772,-0.466027478445253,"schad","Art_02_S01","slow","n",-4.99646665212101
"163",-1.47209853299249,-0.342476224538904,"wat","Art_02_S01","slow","n",-6.42783041627999
"218",-1.63544231917541,-0.36347459361641,"fahnd","Art_02_S01","fast","n",-6.14938581176987
"227",-1.450412385976,-0.597783605685493,"lahm","Art_02_S01","fast","en",-6.26363838052402
"197",-1.53448748916319,-0.415500292561298,"blas","Art_02_S01","fast","n",-5.74075963524368
"245",-1.52078890350999,-0.488787469967772,"mahn","Art_02_S01","fast","en",-5.81383154910887
"286",-1.32482342477665,-0.525992033814482,"schad","Art_02_S01","fast","n",-4.99646665212101
"299",-1.65153521463644,-0.429413850418519,"schlaf","Art_02_S01","fast","n",-4.67630164601676
"96981",-1.43712434905937,-0.769375184198676,"lahm","Art_02_S01","fast","t",-6.46936984733652
"99431",-1.39954038508306,-0.600750952561693,"schab","Art_02_S01","fast","t",-6.98004403496286
"312",-1.42051261535025,-0.609342680894656,"wat","Art_02_S01","fast","n",-6.42783041627999
"106971",-1.30813163503983,-0.68327088899291,"bahn","Art_02_S01","fast","t",-5.76271867920494
"415",-1.56064774826466,-0.223131051392334,"tafeln","Art_02_S01","slow","en",-6.96970320162464
"335",-1.23787435600162,-0.32183784820439,"bahn","Art_02_S01","slow","en",-5.79293123007552
"402",-1.60943791243412,-0.478019672040812,"latsch","Art_02_S01","slow","n",-6.73180479259076
"125942",-1.38431820127034,-0.462019586706663,"zahn","Art_02_S01","slow","t",-7.53739429132134
"364",-1.51125532257376,-0.274423687893558,"faseln","Art_02_S01","slow","en",-6.64144355246975
"447",-1.41226636062951,-0.472920396039263,"bahn","Art_02_S01","fast","en",-5.79293123007552
"483",-1.65428150891419,-0.510808957238204,"latsch","Art_02_S01","fast","n",-6.73180479259076
"471",-1.43165927245145,-0.337102411870839,"faseln","Art_02_S01","fast","en",-6.64144355246975
"501",-1.70808168323416,-0.415500292561298,"tafeln","Art_02_S01","fast","n",-6.96970320162464
"112443",-1.51187556983082,-0.527615793073454,"zahn","Art_02_S01","fast","t",-7.53739429132134
"591",-1.60552470977485,-0.198438743676247,"tadeln","Art_02_S01","slow","en",-6.2027657386056
"640",-1.44241919996976,-0.35516109267942,"zahn","Art_02_S01","slow","en",-7.59809213167495
"541",-1.13866768140045,-0.174341482453726,"schab","Art_02_S01","slow","en",-6.69772500301848
"533",-1.26388459076671,-0.342476224538924,"bad","Art_02_S01","slow","n",-5.41767949883663
"131522",-1.45791892992493,-0.223131051392316,"latsch","Art_02_S01","slow","t",-7.14324727166644
"152502",-1.53169958526881,-0.510808957238168,"zahl","Art_02_S01","slow","t",-4.75377031078047
"579",-1.71360553996896,-0.274423687893558,"stapeln","Art_02_S01","slow","en",-5.92048517895446
"161422",-1.35925227712506,-0.415500292561298,"blas","Art_02_S01","slow","t",-7.50118211866689
"610",-1.44538380954005,-0.371049188742226,"zahl","Art_02_S01","slow","en",-4.27548008148666
"186872",-1.3959114954922,-0.579800638269512,"mahn","Art_02_S01","slow","t",-5.54965032812455
"212302",-1.48226456058207,-0.430767531595398,"schlaf","Art_02_S01","slow","t",-6.75924304093769
"747",-1.65568869988659,-0.49427992850653,"schad","Art_02_S03","slow","en",-4.99646665212101
"699",-1.62671684424667,-0.478019672040801,"lahm","Art_02_S03","slow","en",-6.26363838052402
"667",-1.55000085008096,-0.371049188742216,"blas","Art_02_S03","slow","en",-5.74075963524368
"70119",-1.51363868298643,-0.562101374447765,"lahm","Art_02_S03","slow","t",-6.46936984733652
"718",-1.49218598079573,-0.43076753159542,"mahn","Art_02_S03","slow","en",-5.81383154910887
"766",-1.66075107831274,-0.328490178179574,"schlaf","Art_02_S03","slow","en",-4.67630164601676
"129893",-1.49443668762583,-0.478019672040801,"schab","Art_02_S03","slow","t",-6.98004403496286
"679",-1.64038186818942,-0.287668739207331,"fahnd","Art_02_S03","slow","en",-6.14938581176987
"182123",-1.52039217631062,-0.56210137444779,"bahn","Art_02_S03","slow","t",-5.76271867920494
"785",-1.59462144705628,-0.415500292561298,"wat","Art_02_S03","slow","en",-6.42783041627999
"98020",-1.78009645284072,-0.867476758464357,"bahn","Art_02_S03","fast","t",-5.76271867920494
"818",-1.8805673652541,-0.733948341963878,"fahnd","Art_02_S03","fast","n",-6.14938581176987
"798",-1.65593202535179,-0.597818819102725,"blas","Art_02_S03","fast","n",-5.74075963524368
"866",-1.84470309739435,-0.776507050604852,"mahn","Art_02_S03","fast","en",-5.81383154910887
"873",-1.73262158273546,-0.798485474242462,"schad","Art_02_S03","fast","n",-4.99646665212101
"49566",-2.05619546297242,-0.820957825055361,"lahm","Art_02_S03","fast","t",-6.46936984733652
"92926",-1.62286578306049,-0.755001307908627,"schab","Art_02_S03","fast","t",-6.98004403496286
"908",-1.76437992230763,-0.653907236822344,"wat","Art_02_S03","fast","n",-6.42783041627999
"891",-1.86845816071277,-0.527615793073454,"schlaf","Art_02_S03","fast","n",-4.67630164601676
"840",-1.71756893035961,-0.733948341963863,"lahm","Art_02_S03","fast","n",-6.26363838052402
"939",-1.79568579746683,-0.415500292561298,"faseln","Art_02_S03","slow","en",-6.64144355246975
"918",-1.55708799172429,-0.478019672040812,"bahn","Art_02_S03","slow","en",-5.79293123007552
"971",-1.84882051864385,-0.527615793073454,"latsch","Art_02_S03","slow","en",-6.73180479259076
"171834",-1.62264724019907,-0.616167621076773,"zahn","Art_02_S03","slow","t",-7.53739429132134
"972",-1.90348382377174,-0.44627147775046,"tafeln","Art_02_S03","slow","en",-6.96970320162464
"1043",-1.92551377388825,-0.63485940468943,"tafeln","Art_02_S03","fast","en",-6.96970320162464
"1007",-1.78709229795388,-0.61616762107676,"faseln","Art_02_S03","fast","en",-6.64144355246975
"1030",-2.00545377200459,-0.693127180759936,"latsch","Art_02_S03","fast","n",-6.73180479259076
"66958",-1.61706509919585,-0.713329479922418,"zahn","Art_02_S03","fast","t",-7.53739429132134
"999",-1.65589232724346,-0.63485940468943,"bahn","Art_02_S03","fast","n",-5.79293123007552
"242211",-1.50243945366586,-0.616167621076766,"mahn","Art_02_S03","slow","t",-5.54965032812455
"1072",-1.74446352832879,-0.415500292561287,"schab","Art_02_S03","slow","en",-6.69772500301848
"497113",-1.7271372958648,-0.693127180759936,"latsch","Art_02_S03","slow","t",-7.14324727166644
"1145",-1.70314487338476,-0.415500292561287,"zahn","Art_02_S03","slow","en",-7.59809213167495
"1094",-1.95995231270509,-0.356660658326498,"stapeln","Art_02_S03","slow","en",-5.92048517895446
"1058",-1.59946694756777,-0.462019586706663,"bad","Art_02_S03","slow","en",-5.41767949883663
"1119",-1.69578921392181,-0.462019586706663,"zahl","Art_02_S03","slow","en",-4.27548008148666
"189995",-1.55919517719681,-0.527615793073454,"zahl","Art_02_S03","slow","t",-4.75377031078047
"195965",-1.61282219493046,-0.527615793073454,"blas","Art_02_S03","slow","t",-7.50118211866689
"1102",-1.85295789052604,-0.56210137444779,"tadeln","Art_02_S03","slow","en",-6.2027657386056
"215705",-3.50655789731994,-1.23783987383743,"schlaf","Art_02_S03","slow","t",-6.75924304093769
"100340",-1.80089231895681,-0.867476758464357,"mahn","Art_02_S03","fast","t",-5.54965032812455
"1290",-1.75599015430733,-0.693127180759943,"zahn","Art_02_S03","fast","en",-7.59809213167495
"176027",-1.89667199286787,-0.843946814750989,"schlaf","Art_02_S03","fast","t",-6.75924304093769
"1196",-2.02414245719027,-0.562101374447778,"stapeln","Art_02_S03","fast","en",-5.92048517895446
"513510",-1.64562574032557,-0.65390723682233,"zahl","Art_02_S03","fast","t",-4.75377031078047
"537310",-1.91918114219947,-0.713329479922433,"latsch","Art_02_S03","fast","t",-7.14324727166644
"554310",-1.66357347948622,-0.54470993421099,"blas","Art_02_S03","fast","t",-7.50118211866689
"1269",-1.76974460159724,-0.616167621076747,"zahl","Art_02_S03","fast","en",-4.27548008148666
"1203",-1.77871943920127,-0.634859404689457,"tadeln","Art_02_S03","fast","en",-6.2027657386056
"1156",-1.65578150964406,-0.634859404689457,"bad","Art_02_S03","fast","en",-5.41767949883663
"1259",-2.1266481858008,-0.916265732186663,"tadeln","Art_02_S03","fast","en",-6.2027657386056
"1179",-1.77148328411354,-0.759067883237652,"schab","Art_02_S03","fast","en",-6.69772500301848
"130228",-1.76507702419093,-0.579800638269525,"schab","Art_02_S04","slow","t",-6.98004403496286
"1325",-1.82242204230699,-0.43076753159542,"fahnd","Art_02_S04","slow","n",-6.14938581176987
"952011",-1.66034593499534,-0.713329479922447,"bahn","Art_02_S04","slow","t",-5.76271867920494
"1354",-1.5925466803281,-0.510808957238216,"mahn","Art_02_S04","slow","en",-5.81383154910887
"1342",-1.64909549690864,-0.616167621076747,"lahm","Art_02_S04","slow","n",-6.26363838052402
"1374",-1.56192712369791,-0.46201958670664,"schad","Art_02_S04","slow","en",-4.99646665212101
"1401",-1.64528084576566,-0.46201958670664,"schlaf","Art_02_S04","slow","n",-4.67630164601676
"137056",-1.4924020898866,-0.755001307908627,"lahm","Art_02_S04","slow","t",-6.46936984733652
"1414",-1.66592493440803,-0.56210137444779,"wat","Art_02_S04","slow","en",-6.42783041627999
"1303",-1.50119800640029,-0.430767531595442,"blas","Art_02_S04","slow","en",-5.74075963524368
"148030",-1.5250668653943,-0.653907236822344,"schab","Art_02_S04","fast","t",-6.98004403496286
"1467",-1.66826584562366,-0.673324945612864,"lahm","Art_02_S04","fast","n",-6.26363838052402
"1441",-1.53395465837825,-0.446271477750494,"blas","Art_02_S04","fast","n",-5.74075963524368
"1492",-1.73628668896793,-0.713329479922433,"mahn","Art_02_S04","fast","en",-5.81383154910887
"1542",-1.79513055563552,-0.653907236822344,"wat","Art_02_S04","fast","n",-6.42783041627999
"945612",-1.66761660359402,-0.843946814750964,"bahn","Art_02_S04","fast","t",-5.76271867920494
"1540",-1.82058982526445,-0.54470993421099,"schlaf","Art_02_S04","fast","n",-4.67630164601676
"1086116",-1.67531459576678,-0.733948341963893,"lahm","Art_02_S04","fast","t",-6.46936984733652
"1510",-1.59340771732664,-0.597818819102725,"schad","Art_02_S04","fast","n",-4.99646665212101
"1453",-1.96329422420416,-0.579800638269512,"fahnd","Art_02_S04","fast","n",-6.14938581176987
"1558",-1.6005349927216,-0.54470993421099,"bahn","Art_02_S04","slow","en",-5.79293123007552
"1620",-1.8298633099815,-0.342476224538924,"tafeln","Art_02_S04","slow","en",-6.96970320162464
"1601",-1.76496721060021,-0.54470993421099,"latsch","Art_02_S04","slow","n",-6.73180479259076
"1172012",-1.61303249510008,-0.579800638269512,"zahn","Art_02_S04","slow","t",-7.53739429132134
"1578",-1.72601928756255,-0.356660658326498,"faseln","Art_02_S04","slow","en",-6.64144355246975
"157150",-1.57101558715614,-0.653907236822347,"zahn","Art_02_S04","fast","t",-7.53739429132134
"1644",-1.54969547821218,-0.579800638269512,"bahn","Art_02_S04","fast","en",-5.79293123007552
"1670",-1.69342312378956,-0.478019672040801,"latsch","Art_02_S04","fast","n",-6.73180479259076
"1665",-1.63186745775809,-0.478019672040824,"faseln","Art_02_S04","fast","n",-6.64144355246975
"1688",-1.79150709659788,-0.415500292561298,"tafeln","Art_02_S04","fast","en",-6.96970320162464
"1781",-1.60351992156463,-0.415500292561298,"zahl","Art_02_S04","slow","en",-4.27548008148666
"255515",-1.58060246969673,-0.71332947992244,"mahn","Art_02_S04","slow","t",-5.54965032812455
"345714",-1.84026735690824,-0.61616762107676,"latsch","Art_02_S04","slow","t",-7.14324727166644
"1710",-1.63606831010907,-0.527615793073466,"bad","Art_02_S04","slow","en",-5.41767949883663
"658714",-1.8393535054647,-0.597818819102699,"zahl","Art_02_S04","slow","t",-4.75377031078047
"1731",-1.6553179575075,-0.54470993421099,"schab","Art_02_S04","slow","n",-6.69772500301848
"1763",-1.83199598652542,-0.430767531595398,"tadeln","Art_02_S04","slow","en",-6.2027657386056
"1800",-1.674281351649,-0.446271477750483,"zahn","Art_02_S04","slow","en",-7.59809213167495
"137308",-1.44160633045619,-0.544709934210965,"blas","Art_02_S04","slow","t",-7.50118211866689
"1744",-2.00201821777638,-0.342476224538904,"stapeln","Art_02_S04","slow","en",-5.92048517895446
"2074114",-1.63045310163133,-0.544709934210965,"schlaf","Art_02_S04","slow","t",-6.75924304093769
"287816",-1.70680493140576,-0.562101374447784,"latsch","Art_02_S04","fast","t",-7.14324727166644
"1854",-1.96312063911937,-0.462019586706663,"stapeln","Art_02_S04","fast","en",-5.92048517895446
"1910",-1.68396841275725,-0.510808957238204,"zahn","Art_02_S04","fast","en",-7.59809213167495
"440816",-1.66025772697317,-0.63485940468943,"schlaf","Art_02_S04","fast","t",-6.75924304093769
"540316",-1.86998145560638,-0.61616762107676,"zahl","Art_02_S04","fast","t",-4.75377031078047
"766218",-1.53776774075782,-0.579800638269512,"blas","Art_02_S04","fast","t",-7.50118211866689
"1873",-2.05593178524085,-0.494279928506524,"tadeln","Art_02_S04","fast","en",-6.2027657386056
"1101219",-1.52493660754659,-0.653907236822344,"mahn","Art_02_S04","fast","t",-5.54965032812455
"1887",-1.5984497403128,-0.494279928506524,"zahl","Art_02_S04","fast","en",-4.27548008148666
"1813",-1.54235237503693,-0.579800638269512,"bad","Art_02_S04","fast","n",-5.41767949883663
"1841",-1.6343364824516,-0.579800638269512,"schab","Art_02_S04","fast","n",-6.69772500301848
"1995",-1.71341209555087,-0.503536451155532,"schad","Art_02_S05","slow","en",-4.99646665212101
"1969",-1.88571412424567,-0.562101374447778,"lahm","Art_02_S05","slow","n",-6.26363838052402
"584916",-1.83795749616536,-0.65390723682233,"schab","Art_02_S05","slow","t",-6.98004403496286
"1989",-1.68907484071919,-0.579800638269538,"mahn","Art_02_S05","slow","en",-5.81383154910887
"1952",-1.9292091998245,-0.572817886043821,"fahnd","Art_02_S05","slow","en",-6.14938581176987
"1108517",-1.40642662438015,-0.478019672040801,"bahn","Art_02_S05","slow","t",-5.76271867920494
"168997",-1.63442699288968,-0.712670495277203,"lahm","Art_02_S05","slow","t",-6.46936984733652
"2035",-1.69029760408459,-0.550356821158507,"wat","Art_02_S05","slow","n",-6.42783041627999
"2013",-1.88867335446417,-0.534510728613266,"schlaf","Art_02_S05","slow","en",-4.67630164601676
"1926",-1.29338388124671,0.578652523525852,"blas","Art_02_S05","slow","en",-5.74075963524368
"2158",-1.840961474124,-0.527615793073466,"wat","Art_02_S05","fast","en",-6.42783041627999
"2124",-1.55896248989198,-0.597818819102725,"schad","Art_02_S05","fast","en",-4.99646665212101
"2101",-1.83659435546985,-0.761176702702398,"mahn","Art_02_S05","fast","n",-5.81383154910887
"2144",-1.84339165679657,-0.527615793073478,"schlaf","Art_02_S05","fast","en",-4.67630164601676
"2078",-1.76417852425787,-0.527615793073454,"fahnd","Art_02_S05","fast","en",-6.14938581176987
"1009418",-1.79288197737962,-0.198438743676234,"schab","Art_02_S05","fast","t",-6.98004403496286
"2090",-1.8193937865294,-0.653907236822316,"lahm","Art_02_S05","fast","n",-6.26363838052402
"1051518",-1.40232803661392,-0.562101374447765,"bahn","Art_02_S05","fast","t",-5.76271867920494
"1111022",-1.50919495704506,-0.510808957238216,"lahm","Art_02_S05","fast","t",-6.46936984733652
"2053",-1.61038945642626,-0.400462641335366,"blas","Art_02_S05","fast","en",-5.74075963524368
"2191",-1.71858517173961,-0.342476224538921,"faseln","Art_02_S05","slow","n",-6.64144355246975
"2177",-1.8066723997186,0.354914229653196,"bahn","Art_02_S05","slow","en",-5.79293123007552
"2220",-1.88592220925809,-0.430767531595409,"tafeln","Art_02_S05","slow","en",-6.96970320162464
"869919",-1.6634383494679,-0.63485940468943,"zahn","Art_02_S05","slow","t",-7.53739429132134
"2204",-1.75103678718975,-0.446271477750505,"latsch","Art_02_S05","slow","en",-6.73180479259076
"2284",-1.97251284392172,-0.527615793073466,"latsch","Art_02_S05","fast","en",-6.73180479259076
"2259",-1.43581425138804,-0.430767531595409,"faseln","Art_02_S05","fast","n",-6.64144355246975
"942719",-1.7147471957733,-0.415500292561276,"zahn","Art_02_S05","fast","t",-7.53739429132134
"2298",-1.74664171354997,-0.409041840355441,"tafeln","Art_02_S05","fast","n",-6.96970320162464
"2241",-1.7113144526469,-0.776507050604829,"bahn","Art_02_S05","fast","n",-5.79293123007552
"2348",-1.99200956723747,-0.387143314503506,"stapeln","Art_02_S05","slow","n",-5.92048517895446
"739125",-1.74105703613349,-0.733948341963893,"schlaf","Art_02_S05","slow","t",-6.75924304093769
"977223",-1.5335659902659,-0.653907236822344,"blas","Art_02_S05","slow","t",-7.50118211866689
"1022421",-1.62928440600756,-0.266289568661223,"latsch","Art_02_S05","slow","t",-7.14324727166644
"2334",-1.61186240499683,-0.713329479922476,"schab","Art_02_S05","slow","en",-6.69772500301848
"2315",-1.60471889134377,-0.703710665776097,"bad","Art_02_S05","slow","n",-5.41767949883663
"1440511",-1.8314142726658,-0.430767531595442,"zahl","Art_02_S05","slow","t",-4.75377031078047
"2402",-1.79832810929477,-0.616167621076773,"zahn","Art_02_S05","slow","n",-7.59809213167495
"2363",-1.97169730944939,-0.446271477750505,"tadeln","Art_02_S05","slow","en",-6.2027657386056
"2383",-1.64126516053281,-0.465711798108772,"zahl","Art_02_S05","slow","n",-4.27548008148666
"1904811",-1.60004204775762,-0.733948341963893,"mahn","Art_02_S05","slow","t",-5.54965032812455
"2536",-1.61484381020489,-0.731655184515039,"zahl","Art_02_S05","fast","n",-4.27548008148666
"2448",-2.2949769834436,-0.553271641754736,"stapeln","Art_02_S05","fast","en",-5.92048517895446
"2470",-1.99909648011909,-0.579800638269525,"tadeln","Art_02_S05","fast","n",-6.2027657386056
"2471",-1.99909648011909,-0.579800638269525,"tadeln","Art_02_S05","fast","en",-6.2027657386056
"482921",-1.55743916484423,-0.668359305247783,"blas","Art_02_S05","fast","t",-7.50118211866689
"540822",-1.62471905352992,-0.446271477750483,"mahn","Art_02_S05","fast","t",-5.54965032812455
"2436",-1.78968015753496,-0.673324945612843,"schab","Art_02_S05","fast","en",-6.69772500301848
"827321",-1.60751924953769,-0.527615793073454,"latsch","Art_02_S05","fast","t",-7.14324727166644
"2424",-1.72234496483549,-0.820957825055361,"bad","Art_02_S05","fast","n",-5.41767949883663
"886125",-1.79927241600917,-0.328490178179594,"zahl","Art_02_S05","fast","t",-4.75377031078047
"1170321",-1.65472801338019,-0.356660658326478,"schlaf","Art_02_S05","fast","t",-6.75924304093769
"2514",-1.46967597005899,-0.488091477326069,"tadeln","Art_02_S05","fast","n",-6.2027657386056
"2515",-1.46967597005899,-0.488091477326069,"tadeln","Art_02_S05","fast","en",-6.2027657386056
"2659",-1.77192321935889,-0.248448538867861,"schlaf","Art_02_S08","slow","en",-4.67630164601676
"1691104",-1.6434577143989,-0.462019586706663,"schab","Art_02_S08","slow","t",-6.98004403496286
"2596",-1.62265490149261,-0.562101374447778,"lahm","Art_02_S08","slow","en",-6.26363838052402
"2559",-1.56391812818856,-0.415500292561287,"blas","Art_02_S08","slow","en",-5.74075963524368
"596022",-1.60355113564982,-0.673324945612857,"lahm","Art_02_S08","slow","t",-6.46936984733652
"2675",-1.6723754923305,-0.527615793073454,"wat","Art_02_S08","slow","en",-6.42783041627999
"1518413",-1.44323162035683,-0.616167621076773,"bahn","Art_02_S08","slow","t",-5.76271867920494
"2636",-1.47014842676315,-0.415500292561298,"schad","Art_02_S08","slow","n",-4.99646665212101
"2616",-1.62827450122188,-0.579800638269512,"mahn","Art_02_S08","slow","en",-5.81383154910887
"2578",-1.66686918719495,-0.385647775037747,"fahnd","Art_02_S08","slow","en",-6.14938581176987
"649107",-2.09107759875929,-0.867476758464357,"schab","Art_02_S08","fast","t",-6.98004403496286
"2687",-1.63132615258331,-0.430767531595412,"blas","Art_02_S08","fast","en",-5.74075963524368
"2795",-1.75507393298815,-0.430767531595398,"schlaf","Art_02_S08","fast","en",-4.67630164601676
"2723",-1.56115688374879,-0.385647775037758,"lahm","Art_02_S08","fast","en",-6.26363838052402
"642524",-1.43146743901276,-0.235709675373325,"lahm","Art_02_S08","fast","t",-6.46936984733652
"2713",-1.81969098134354,-0.527615793073454,"fahnd","Art_02_S08","fast","en",-6.14938581176987
"2763",-1.52704727037001,-0.415500292561298,"mahn","Art_02_S08","fast","en",-5.81383154910887
"940324",-1.44353050958719,-0.478019672040801,"bahn","Art_02_S08","fast","t",-5.76271867920494
"2772",-1.49410977524564,-0.342476224538924,"schad","Art_02_S08","fast","en",-4.99646665212101
"2804",-1.86043173126636,-0.653907236822344,"wat","Art_02_S08","fast","en",-6.42783041627999
"529625",-1.31629722655805,-0.301091579361708,"zahn","Art_02_S08","slow","t",-7.53739429132134
"2847",-1.63391918293642,-0.261351777205752,"faseln","Art_02_S08","slow","en",-6.64144355246975
"2898",-1.7478993160043,-0.139250573146716,"tafeln","Art_02_S08","slow","en",-6.96970320162464
"2821",-1.35208785935459,-0.342476224538944,"bahn","Art_02_S08","slow","en",-5.79293123007552
"2872",-1.81438017367032,-0.385647775037747,"latsch","Art_02_S08","slow","en",-6.73180479259076
"2900",-1.43352288948955,-0.415500292561297,"bahn","Art_02_S08","fast","en",-5.79293123007552
"2956",-1.82518051997705,-0.430767531595398,"latsch","Art_02_S08","fast","en",-6.73180479259076
"2922",-1.64584043114719,-0.371049188742226,"faseln","Art_02_S08","fast","en",-6.64144355246975
"2968",-1.84947824574055,-0.261351777205734,"tafeln","Art_02_S08","fast","en",-6.96970320162464
"1073227",-1.71641919366579,-0.653907236822344,"zahn","Art_02_S08","fast","t",-7.53739429132134
"3065",-1.54104523057205,-0.385647775037763,"zahn","Art_02_S08","slow","en",-7.59809213167495
"3020",-1.65091399316271,-0.24844853886786,"stapeln","Art_02_S08","slow","en",-5.92048517895446
"2153103",-1.54394892062358,-0.248448538867865,"schlaf","Art_02_S08","slow","t",-6.75924304093769
"3054",-1.80471468433774,-0.385647775037758,"zahl","Art_02_S08","slow","en",-4.27548008148666
"1076133",-1.45711056045103,-0.597818819102725,"mahn","Art_02_S08","slow","t",-5.54965032812455
"1238226",-1.66916641889408,-0.494279928506524,"latsch","Art_02_S08","slow","t",-7.14324727166644
"3039",-1.84476400023535,-0.314697046303398,"tadeln","Art_02_S08","slow","en",-6.2027657386056
"2979",-1.52935331560973,-0.527615793073454,"bad","Art_02_S08","slow","en",-5.41767949883663
"1952814",-1.51714195536967,-0.356660658326458,"blas","Art_02_S08","slow","t",-7.50118211866689
"3002",-1.64579174230672,-0.415500292561298,"schab","Art_02_S08","slow","en",-6.69772500301848
"2027119",-1.72060783626599,-0.415500292561298,"zahl","Art_02_S08","slow","t",-4.75377031078047
"3161",-1.86552228180769,-0.342476224538921,"tadeln","Art_02_S08","fast","en",-6.2027657386056
"3180",-1.68307225379484,-0.415500292561298,"zahn","Art_02_S08","fast","en",-7.59809213167495
"3125",-1.64062649749889,-0.478019672040801,"schab","Art_02_S08","fast","en",-6.69772500301848
"3093",-1.4812316752688,-0.494279928506524,"bad","Art_02_S08","fast","en",-5.41767949883663
"704828",-1.57063987883813,-0.616167621076773,"latsch","Art_02_S08","fast","t",-7.14324727166644
"822627",-1.7385334434225,-0.371049188742226,"zahl","Art_02_S08","fast","t",-4.75377031078047
"3140",-1.70432648334319,-0.248448538867856,"stapeln","Art_02_S08","fast","n",-5.92048517895446
"871927",-1.54819618974966,-0.478019672040801,"blas","Art_02_S08","fast","t",-7.50118211866689
"3168",-1.67015858021161,-0.430767531595398,"zahl","Art_02_S08","fast","n",-4.27548008148666
"1010928",-1.44662891411549,-0.673324945612843,"mahn","Art_02_S08","fast","t",-5.54965032812455
"1153728",-1.95694207685866,-0.478019672040801,"schlaf","Art_02_S08","fast","t",-6.75924304093769
"3259",-1.70187305041221,-0.478019672040824,"mahn","Art_02_S09","slow","en",-5.81383154910887
"3296",-1.8027208769547,-0.385647775037768,"schlaf","Art_02_S09","slow","en",-4.67630164601676
"3206",-1.67438650216631,-0.314697046303398,"blas","Art_02_S09","slow","en",-5.74075963524368
"3270",-1.60116045959707,-0.261351777205734,"schad","Art_02_S09","slow","en",-4.99646665212101
"3313",-2.15337696682887,-0.0942996905206157,"wat","Art_02_S09","slow","en",-6.42783041627999
"1313218",-1.65256881340392,-0.400462641335345,"bahn","Art_02_S09","slow","t",-5.76271867920494
"3244",-1.6478136613469,-0.527615793073454,"lahm","Art_02_S09","slow","en",-6.26363838052402
"1699317",-1.62351565675683,-0.544709934211015,"schab","Art_02_S09","slow","t",-6.98004403496286
"3219",-2.00807153144116,-0.162507164861099,"fahnd","Art_02_S09","slow","en",-6.14938581176987
"2056316",-1.56122345894284,-0.891573729337319,"lahm","Art_02_S09","slow","t",-6.46936984733652
"3336",-2.02318990680423,-0.776507050604856,"fahnd","Art_02_S09","fast","en",-6.14938581176987
"1441109",-1.79538874937362,-1.02162347014,"lahm","Art_02_S09","fast","t",-6.46936984733652
"1779108",-1.74339486817795,-0.798485474242462,"schab","Art_02_S09","fast","t",-6.98004403496286
"3365",-1.69049470731226,-0.616167621076747,"schad","Art_02_S09","fast","en",-4.99646665212101
"545530",-1.67925920152357,-0.916265732186645,"lahm","Art_02_S09","fast","t",-6.46936984733652
"3368",-1.80907759872602,-0.63485940468943,"wat","Art_02_S09","fast","en",-6.42783041627999
"3333",-1.66073120682166,-0.478019672040801,"blas","Art_02_S09","fast","en",-5.74075963524368
"1091142",-1.73954244660071,-0.733948341963863,"bahn","Art_02_S09","fast","t",-5.76271867920494
"3442",-1.94272741429897,-0.342476224538904,"tafeln","Art_02_S09","slow","en",-6.96970320162464
"3412",-1.73243928298208,-0.314697046303379,"faseln","Art_02_S09","slow","en",-6.64144355246975
"3384",-1.51972141898488,-0.494279928506501,"bahn","Art_02_S09","slow","n",-5.79293123007552
"1451518",-1.65127994551413,-0.446271477750505,"zahn","Art_02_S09","slow","t",-7.53739429132134
"3423",-2.04974257188979,-0.415500292561255,"latsch","Art_02_S09","slow","en",-6.73180479259076
"764532",-1.7256838871953,-0.673324945612843,"zahn","Art_02_S09","fast","t",-7.53739429132134
"3467",-1.69628890020029,-0.63485940468943,"bahn","Art_02_S09","fast","en",-5.79293123007552
"3469",-1.92638401536974,-0.478019672040824,"tafeln","Art_02_S09","fast","en",-6.96970320162464
"948143",-1.89279067612876,-0.941582899161533,"mahn","Art_02_S09","slow","t",-5.54965032812455
"1135143",-2.04795543111678,-0.314697046303389,"schlaf","Art_02_S09","slow","t",-6.75924304093769
"3540",-1.89771711589882,-0.478019672040812,"tadeln","Art_02_S09","slow","en",-6.2027657386056
"3504",-1.88149953401096,-0.314697046303389,"schab","Art_02_S09","slow","n",-6.69772500301848
"380145",-1.8783979286636,-0.776507050604844,"zahl","Art_02_S09","slow","t",-4.75377031078047
"3489",-1.58488890128604,-0.400462641335377,"bad","Art_02_S09","slow","en",-5.41767949883663
"587833",-1.83258146374833,-0.634859404689444,"latsch","Art_02_S09","slow","t",-7.14324727166644
"3549",-1.77146640841695,-0.54470993421099,"zahl","Art_02_S09","slow","en",-4.27548008148666
"3518",-1.88823151059244,-0.342476224538924,"stapeln","Art_02_S09","slow","en",-5.92048517895446
"3580",-1.67695274007559,-0.462019586706663,"zahl","Art_02_S09","slow","en",-4.27548008148666
"2035817",-1.68481948364653,-0.446271477750505,"blas","Art_02_S09","slow","t",-7.50118211866689
"3611",-1.46835785526327,-0.342476224538919,"fahnd","Art_02_S10","slow","en",-6.14938581176987
"3648",-1.43576621550254,-0.462019586706652,"lahm","Art_02_S10","slow","en",-6.26363838052402
"3585",-1.54992703460388,-0.462019586706652,"blas","Art_02_S10","slow","en",-5.74075963524368
"3672",-1.44853092586384,-0.494279928506524,"mahn","Art_02_S10","slow","en",-5.81383154910887
"3685",-1.34703208488263,-0.415500292561276,"schad","Art_02_S10","slow","en",-4.99646665212101
"3708",-1.57156810027312,-0.385647775037768,"schlaf","Art_02_S10","slow","en",-4.67630164601676
"1706718",-1.39310876375645,-0.693127180759936,"lahm","Art_02_S10","slow","t",-6.46936984733652
"1754017",-1.43740540432639,-0.527615793073454,"schab","Art_02_S10","slow","t",-6.98004403496286
"3730",-1.64774984061356,-0.430767531595398,"wat","Art_02_S10","slow","en",-6.42783041627999
"1886126",-1.15697009745809,-0.56210137444779,"bahn","Art_02_S10","slow","t",-5.76271867920494
"3821",-1.83270595164722,-0.616167621076765,"schlaf","Art_02_S10","fast","en",-4.67630164601676
"3838",-1.63319056688563,-0.597818819102727,"wat","Art_02_S10","fast","en",-6.42783041627999
"3800",-1.78907167409263,-0.65390723682233,"schad","Art_02_S10","fast","en",-4.99646665212101
"3751",-1.63209171440407,-0.579800638269512,"blas","Art_02_S10","fast","en",-5.74075963524368
"601152",-1.68680055055688,-0.755001307908627,"schab","Art_02_S10","fast","t",-6.98004403496286
"3779",-1.7034884784439,-0.562101374447778,"fahnd","Art_02_S10","fast","en",-6.14938581176987
"625335",-1.33497788509582,-0.616167621076747,"bahn","Art_02_S10","fast","t",-5.76271867920494
"3782",-1.69229488407472,-0.478019672040801,"lahm","Art_02_S10","fast","en",-6.26363838052402
"1172148",-1.64687556747342,-0.494279928506524,"lahm","Art_02_S10","fast","t",-6.46936984733652
"3867",-1.47244281782213,-0.462019586706661,"bahn","Art_02_S10","slow","en",-5.79293123007552
"3897",-1.72487255277745,-0.415500292561276,"latsch","Art_02_S10","slow","en",-6.73180479259076
"3890",-1.50214717984843,-0.400462641335387,"faseln","Art_02_S10","slow","en",-6.64144355246975
"3915",-1.86685193790552,-0.314697046303359,"tafeln","Art_02_S10","slow","en",-6.96970320162464
"1965919",-1.3896611352738,-0.693127180759936,"zahn","Art_02_S10","slow","t",-7.53739429132134
"3984",-1.83978385403686,-0.653907236822344,"latsch","Art_02_S10","fast","n",-6.73180479259076
"3991",-1.9438593932569,-0.301091579361708,"tafeln","Art_02_S10","fast","en",-6.96970320162464
"444837",-1.70307371456669,-0.61616762107676,"zahn","Art_02_S10","fast","t",-7.53739429132134
"3956",-1.63314935864853,-0.342476224538904,"faseln","Art_02_S10","fast","en",-6.64144355246975
"3929",-1.59144593697745,-0.527615793073454,"bahn","Art_02_S10","fast","en",-5.79293123007552
"4006",-1.3809525381399,-0.446271477750488,"bad","Art_02_S10","slow","en",-5.41767949883663
"768240",-1.54372571864096,-0.616167621076773,"latsch","Art_02_S10","slow","t",-7.14324727166644
"827738",-1.31181622230838,-0.510808957238192,"blas","Art_02_S10","slow","t",-7.50118211866689
"932436",-1.31744621214128,-0.510808957238192,"schlaf","Art_02_S10","slow","t",-6.75924304093769
"4094",-1.36647685324541,-0.415500292561298,"zahl","Art_02_S10","slow","n",-4.27548008148666
"4123",-1.39193380077168,-0.342476224538904,"zahn","Art_02_S10","slow","en",-7.59809213167495
"4069",-1.63745713117477,-0.287668739207331,"tadeln","Art_02_S10","slow","en",-6.2027657386056
"4044",-1.37027123169317,-0.400462641335345,"schab","Art_02_S10","slow","en",-6.69772500301848
"1873132",-1.37887788856675,-0.616167621076773,"zahl","Art_02_S10","slow","t",-4.75377031078047
"1993919",-1.21366901254485,-0.527615793073454,"mahn","Art_02_S10","slow","t",-5.54965032812455
"4057",-1.68261622948708,-0.371049188742226,"stapeln","Art_02_S10","slow","en",-5.92048517895446
"1481137",-1.50153429397588,-0.653907236822344,"blas","Art_02_S10","fast","t",-7.50118211866689
"4241",-1.36134089939839,-0.385647775037763,"zahl","Art_02_S10","fast","en",-4.27548008148666
"333739",-1.55494188039229,-0.61616762107676,"schlaf","Art_02_S10","fast","t",-6.75924304093769
"4211",-1.73131876918452,-0.0942996905206313,"tadeln","Art_02_S10","fast","en",-6.2027657386056
"4252",-1.56939881358135,-0.527615793073454,"zahn","Art_02_S10","fast","en",-7.59809213167495
"519339",-1.23105670399565,-0.446271477750483,"zahl","Art_02_S10","fast","t",-4.75377031078047
"4190",-1.56898015234101,-0.287668739207331,"stapeln","Art_02_S10","fast","en",-5.92048517895446
"626538",-1.25864176700118,-0.597818819102712,"mahn","Art_02_S10","fast","t",-5.54965032812455
"4162",-1.53352239569876,-0.597818819102725,"schab","Art_02_S10","fast","en",-6.69772500301848
"4145",-1.49255511855849,-0.673324945612843,"bad","Art_02_S10","fast","en",-5.41767949883663
"1039939",-1.66829360975405,-0.385647775037768,"latsch","Art_02_S10","fast","t",-7.14324727166644
"1289134",-1.55319457477189,-0.755001307908631,"schab","Art_02_S12","slow","t",-6.98004403496286
"4267",-1.45852095865234,-0.174341482453735,"blas","Art_02_S12","slow","en",-5.74075963524368
"4388",-1.68682036121952,-0.0201925032879553,"schlaf","Art_02_S12","slow","en",-4.67630164601676
"4319",-1.5163602782737,-0.248448538867856,"lahm","Art_02_S12","slow","en",-6.26363838052402
"1172539",-1.67028061864707,-0.510808957238216,"lahm","Art_02_S12","slow","t",-6.46936984733652
"4298",-1.53507587794186,-0.261351777205734,"fahnd","Art_02_S12","slow","en",-6.14938581176987
"4341",-1.50239323051144,-0.371049188742226,"mahn","Art_02_S12","slow","en",-5.81383154910887
"1711139",-1.48634537014736,-0.510808957238168,"bahn","Art_02_S12","slow","t",-5.76271867920494
"4373",-1.47856366767847,-0.274423687893596,"schad","Art_02_S12","slow","en",-4.99646665212101
"4400",-1.67508708396042,-0.248448538867856,"wat","Art_02_S12","slow","en",-6.42783041627999
"4455",-1.73511319608275,-0.462019586706663,"fahnd","Art_02_S12","fast","en",-6.14938581176987
"4464",-1.62264518217269,-0.562101374447784,"lahm","Art_02_S12","fast","en",-6.26363838052402
"4424",-1.41905548045195,-0.301091579361708,"blas","Art_02_S12","fast","en",-5.74075963524368
"4479",-1.55774497782837,-0.356660658326478,"mahn","Art_02_S12","fast","en",-5.81383154910887
"4515",-1.47673564785907,-0.462019586706652,"schad","Art_02_S12","fast","n",-4.99646665212101
"4523",-1.76321839376136,-0.371049188742226,"schlaf","Art_02_S12","fast","n",-4.67630164601676
"978242",-1.60585721397309,-0.798485474242446,"lahm","Art_02_S12","fast","t",-6.46936984733652
"1003441",-1.61225724156534,-0.371049188742226,"schab","Art_02_S12","fast","t",-6.98004403496286
"4548",-1.85843564481805,-0.56210137444779,"wat","Art_02_S12","fast","n",-6.42783041627999
"1079160",-1.45843037128955,-0.634859404689457,"bahn","Art_02_S12","fast","t",-5.76271867920494
"4623",-1.69606876369316,-0.210708685712841,"tafeln","Art_02_S12","slow","en",-6.96970320162464
"4562",-1.61911682596195,-0.342476224538914,"bahn","Art_02_S12","slow","en",-5.79293123007552
"4604",-1.66888770270438,-0.301091579361717,"latsch","Art_02_S12","slow","n",-6.73180479259076
"1272326",-1.31972002997342,-0.356660658326478,"zahn","Art_02_S12","slow","t",-7.53739429132134
"4581",-1.40521571558766,-0.174341482453726,"faseln","Art_02_S12","slow","en",-6.64144355246975
"4732",-1.60790891316212,-0.385647775037761,"zahn","Art_02_S12","slow","en",-7.59809213167495
"4675",-2.04009832230387,-0.261351777205752,"stapeln","Art_02_S12","slow","en",-5.92048517895446
"259742",-1.45061072022855,-0.223131051392334,"schlaf","Art_02_S12","slow","t",-6.75924304093769
"4707",-1.65751306937398,-0.356660658326478,"zahl","Art_02_S12","slow","en",-4.27548008148666
"1125643",-1.49977545720541,-0.579800638269538,"mahn","Art_02_S12","slow","t",-5.54965032812455
"1288423",-1.71572134571581,-0.527615793073454,"latsch","Art_02_S12","slow","t",-7.14324727166644
"4695",-1.65920485923843,-0.328490178179594,"tadeln","Art_02_S12","slow","en",-6.2027657386056
"4641",-1.61846382075919,-0.462019586706618,"bad","Art_02_S12","slow","n",-5.41767949883663
"2007822",-1.56635616869313,-0.63485940468943,"blas","Art_02_S12","slow","t",-7.50118211866689
"4662",-1.61161403174087,-0.510808957238216,"schab","Art_02_S12","slow","n",-6.69772500301848
"2085723",-1.62386544709678,-0.579800638269512,"zahl","Art_02_S12","slow","t",-4.75377031078047
"4805",-1.63265009979684,-0.400462641335371,"tadeln","Art_02_S12","fast","en",-6.2027657386056
"4838",-1.68675208709409,-0.478019672040812,"zahn","Art_02_S12","fast","en",-7.59809213167495
"4781",-1.55602586718828,-0.400462641335377,"schab","Art_02_S12","fast","en",-6.69772500301848
"4747",-1.77726302415897,-0.527615793073466,"bad","Art_02_S12","fast","n",-5.41767949883663
"756443",-2.01162043437372,-0.63485940468943,"latsch","Art_02_S12","fast","t",-7.14324727166644
"875741",-1.67153516148024,-0.616167621076773,"zahl","Art_02_S12","fast","t",-4.75377031078047
"4798",-1.94173971689867,-0.301091579361717,"stapeln","Art_02_S12","fast","en",-5.92048517895446
"926942",-1.52704370605167,-0.597818819102725,"blas","Art_02_S12","fast","t",-7.50118211866689
"4824",-1.56324375292529,-0.371049188742226,"zahl","Art_02_S12","fast","en",-4.27548008148666
"1068042",-1.6039048481413,-0.63485940468943,"mahn","Art_02_S12","fast","t",-5.54965032812455
"1211842",-1.47105773703116,-0.162507164861099,"schlaf","Art_02_S12","fast","t",-6.75924304093769
"4961",-1.85870122549984,-0.494279928506527,"schlaf","Art_02_S15","slow","en",-4.67630164601676
"263166",-1.59596453860366,-0.400462641335377,"schab","Art_02_S15","slow","t",-6.98004403496286
"4896",-1.6178617401437,-0.647491983091817,"lahm","Art_02_S15","slow","n",-6.26363838052402
"4865",-1.56189103077805,-0.528451119058521,"blas","Art_02_S15","slow","n",-5.74075963524368
"695345",-1.50163963798278,-0.54470993421099,"lahm","Art_02_S15","slow","t",-6.46936984733652
"4970",-1.67379787841662,-0.670075921322432,"wat","Art_02_S15","slow","n",-6.42783041627999
"1620924",-1.4757023736508,-0.544709934211015,"bahn","Art_02_S15","slow","t",-5.76271867920494
"4941",-1.62128046778796,-0.61626801560523,"schad","Art_02_S15","slow","en",-4.99646665212101
"4915",-1.67425583441853,-0.61616762107672,"mahn","Art_02_S15","slow","en",-5.81383154910887
"4885",-1.78637894254921,-0.415500292561298,"fahnd","Art_02_S15","slow","en",-6.14938581176987
"952170",-2.07991803166779,-0.713329479922444,"schab","Art_02_S15","fast","t",-6.98004403496286
"5002",-1.84070007206059,-0.704740120074669,"blas","Art_02_S15","fast","n",-5.74075963524368
"5060",-2.03588291269788,-0.788074256241607,"schlaf","Art_02_S15","fast","n",-4.67630164601676
"5017",-1.91294615887345,-0.798485474242462,"lahm","Art_02_S15","fast","n",-6.26363838052402
"684046",-1.89952590997176,-0.77650705060486,"lahm","Art_02_S15","fast","t",-6.46936984733652
"5004",-1.92580987726484,-0.636360253228207,"fahnd","Art_02_S15","fast","n",-6.14938581176987
"5032",-2.01426836469126,-0.910818844411543,"mahn","Art_02_S15","fast","n",-5.81383154910887
"987345",-1.97519614579707,-1.07878025003972,"bahn","Art_02_S15","fast","t",-5.76271867920494
"5045",-1.94872275323539,-0.918595601743792,"schad","Art_02_S15","fast","n",-4.99646665212101
"5072",-2.07705176551347,-0.899292061818311,"wat","Art_02_S15","fast","n",-6.42783041627999
"583845",-1.57837799839283,-0.446271477750483,"zahn","Art_02_S15","slow","t",-7.53739429132134
"5105",-1.71412408846455,-0.371049188742226,"faseln","Art_02_S15","slow","en",-6.64144355246975
"5146",-1.84783468442899,-0.338133990284385,"tafeln","Art_02_S15","slow","en",-6.96970320162464
"5090",-1.62867623551059,-0.494279928506547,"bahn","Art_02_S15","slow","en",-5.79293123007552
"5122",-1.76746879900654,-0.526904629058383,"latsch","Art_02_S15","slow","n",-6.73180479259076
"5196",-1.98204353535375,-0.588957270568417,"tafeln","Art_02_S15","fast","en",-6.96970320162464
"5155",-1.83518071654175,-0.768827799559739,"bahn","Art_02_S15","fast","en",-5.79293123007552
"5185",-2.25794310596341,-0.862920322642755,"latsch","Art_02_S15","fast","n",-6.73180479259076
"749747",-1.73390100912763,-0.63485940468943,"zahn","Art_02_S15","fast","t",-7.53739429132134
"5171",-1.9564724939974,-0.579800638269512,"faseln","Art_02_S15","fast","en",-6.64144355246975
"5228",-1.64671366903718,-0.500618091279949,"schab","Art_02_S15","slow","n",-6.69772500301848
"375349",-1.86657179609454,-0.673324945612857,"zahl","Art_02_S15","slow","t",-4.75377031078047
"630846",-1.68624213028764,-0.462019586706663,"schlaf","Art_02_S15","slow","t",-6.75924304093769
"5258",-1.70590094313512,-0.42272469590877,"tadeln","Art_02_S15","slow","en",-6.2027657386056
"5215",-1.71572808871854,-0.680120626978282,"bad","Art_02_S15","slow","en",-5.41767949883663
"764749",-1.53388476636764,-0.446271477750483,"blas","Art_02_S15","slow","t",-7.50118211866689
"5272",-1.67403827540928,-0.494279928506524,"zahl","Art_02_S15","slow","en",-4.27548008148666
"1033176",-1.69561449135913,-0.54470993421099,"latsch","Art_02_S15","slow","t",-7.14324727166644
"5289",-1.63341623578213,-0.401843090838476,"zahn","Art_02_S15","slow","en",-7.59809213167495
"1570726",-1.58655946004359,-0.713329479922476,"mahn","Art_02_S15","slow","t",-5.54965032812455
"5385",-1.76905447415768,-0.631646471136238,"zahn","Art_02_S15","fast","en",-7.59809213167495
"5321",-1.95180992542459,-0.778592823608118,"schab","Art_02_S15","fast","n",-6.69772500301848
"5334",-2.06270344445046,-0.504232548214525,"stapeln","Art_02_S15","fast","en",-5.92048517895446
"381850",-2.13837559475968,-0.843946814750981,"latsch","Art_02_S15","fast","t",-7.14324727166644
"424450",-2.03444606022709,-0.733948341963863,"zahl","Art_02_S15","fast","t",-4.75377031078047
"449350",-1.780199166356,-0.994225246682062,"mahn","Art_02_S15","fast","t",-5.54965032812455
"5309",-1.76457879942086,-0.789049766400061,"bad","Art_02_S15","fast","n",-5.41767949883663
"822049",-1.86875765332383,-0.616167621076747,"schlaf","Art_02_S15","fast","t",-6.75924304093769
"855549",-1.76633558286602,-0.400462641335366,"blas","Art_02_S15","fast","t",-7.50118211866689
"5365",-1.67168657409788,-0.621414737425575,"zahl","Art_02_S15","fast","en",-4.27548008148666
"5350",-2.04752612624338,-0.612533371550612,"tadeln","Art_02_S15","fast","en",-6.2027657386056
"5510",-1.78477519999461,-0.273907640460614,"schlaf","Art_02_S16","slow","n",-4.67630164601676
"264451",-1.70495593775191,-0.579800638269525,"schab","Art_02_S16","slow","t",-6.98004403496286
"5440",-1.74880809917663,-0.462019586706652,"lahm","Art_02_S16","slow","en",-6.26363838052402
"5411",-1.50813680589147,-0.385647775037758,"blas","Art_02_S16","slow","n",-5.74075963524368
"692850",-1.63276817536839,-0.616167621076747,"lahm","Art_02_S16","slow","t",-6.46936984733652
"5522",-1.66645527587739,-0.510808957238216,"wat","Art_02_S16","slow","en",-6.42783041627999
"1618827",-1.33066111227096,-0.527615793073454,"bahn","Art_02_S16","slow","t",-5.76271867920494
"5497",-1.45965958179656,-0.342476224538904,"schad","Art_02_S16","slow","en",-4.99646665212101
"5457",-1.43312012346476,-0.415500292561298,"mahn","Art_02_S16","slow","en",-5.81383154910887
"5418",-1.48670050431996,-0.301091579361737,"fahnd","Art_02_S16","slow","en",-6.14938581176987
"1060182",-1.53652082215702,-0.385647775037761,"schab","Art_02_S16","fast","t",-6.98004403496286
"5547",-1.40393182500376,-0.314697046303389,"blas","Art_02_S16","fast","en",-5.74075963524368
"5658",-1.60072288306512,-0.457036727457646,"schlaf","Art_02_S16","fast","n",-4.67630164601676
"5587",-1.49199741149606,-0.471868230564743,"lahm","Art_02_S16","fast","en",-6.26363838052402
"691751",-1.56693463985455,-0.713329479922418,"lahm","Art_02_S16","fast","t",-6.46936984733652
"5571",-1.88442442556346,-0.435987395159057,"fahnd","Art_02_S16","fast","n",-6.14938581176987
"5611",-1.4043223846968,-0.494279928506501,"mahn","Art_02_S16","fast","en",-5.81383154910887
"992051",-1.44636433274303,-0.478019672040801,"bahn","Art_02_S16","fast","t",-5.76271867920494
"5633",-1.39579197648423,-0.469081874129876,"schad","Art_02_S16","fast","en",-4.99646665212101
"5688",-1.56114423571986,-0.579800638269512,"wat","Art_02_S16","fast","en",-6.42783041627999
"586952",-1.50372695660177,-0.494279928506524,"zahn","Art_02_S16","slow","t",-7.53739429132134
"5718",-1.5101334787678,-0.235709675373325,"faseln","Art_02_S16","slow","n",-6.64144355246975
"5778",-1.61215973785961,-0.198438743676251,"tafeln","Art_02_S16","slow","en",-6.96970320162464
"5694",-1.37161785917752,-0.385647775037747,"bahn","Art_02_S16","slow","en",-5.79293123007552
"5741",-1.64001394204212,-0.385647775037747,"latsch","Art_02_S16","slow","n",-6.73180479259076
"5811",-1.45079221200673,-0.430767531595409,"schab","Art_02_S16","slow","n",-6.69772500301848
"373053",-1.56229963735039,-0.356660658326478,"zahl","Art_02_S16","slow","t",-4.75377031078047
"627552",-1.45631173802686,-0.385647775037758,"schlaf","Art_02_S16","slow","t",-6.75924304093769
"5846",-1.73159329728019,-0.328490178179594,"tadeln","Art_02_S16","slow","en",-6.2027657386056
"5786",-1.38529081944706,-0.527615793073454,"bad","Art_02_S16","slow","n",-5.41767949883663
"760852",-1.54186574288584,-0.510808957238192,"blas","Art_02_S16","slow","t",-7.50118211866689
"5863",-1.48387164811948,-0.301091579361698,"zahl","Art_02_S16","slow","en",-4.27548008148666
"1029754",-1.57013036671563,-0.210708685712858,"latsch","Art_02_S16","slow","t",-7.14324727166644
"5836",-1.70864081794944,-0.274423687893596,"stapeln","Art_02_S16","slow","en",-5.92048517895446
"5887",-1.45127394399696,-0.385647775037747,"zahn","Art_02_S16","slow","en",-7.59809213167495
"1567029",-1.44479189419398,-0.510808957238216,"mahn","Art_02_S16","slow","t",-5.54965032812455
"6023",-1.58021305116047,-0.49427992850653,"zahn","Art_02_S16","fast","en",-7.59809213167495
"5938",-1.40037598566168,-0.446271477750494,"schab","Art_02_S16","fast","en",-6.69772500301848
"5969",-1.76322891770758,-0.446271477750483,"stapeln","Art_02_S16","fast","en",-5.92048517895446
"382055",-1.68424613480417,-0.328490178179594,"latsch","Art_02_S16","fast","t",-7.14324727166644
"423455",-1.51764683944692,-0.400462641335377,"zahl","Art_02_S16","fast","t",-4.75377031078047
"448555",-1.49519679747657,-0.527615793073454,"mahn","Art_02_S16","fast","t",-5.54965032812455
"5916",-1.52442169153206,-0.430767531595398,"bad","Art_02_S16","fast","n",-5.41767949883663
"820355",-1.61172407479329,-0.400462641335366,"schlaf","Art_02_S16","fast","t",-6.75924304093769
"852755",-1.56598105450896,-0.527615793073454,"blas","Art_02_S16","fast","t",-7.50118211866689
"6011",-1.53264463424133,-0.527455263501837,"zahl","Art_02_S16","fast","n",-4.27548008148666
"5974",-1.61250699022864,-0.435614013435111,"tadeln","Art_02_S16","fast","n",-6.2027657386056
"6135",-1.89565312272765,-0.354831308913422,"schlaf","Art_02_S17","slow","en",-4.67630164601676
"257755",-1.89952253431204,-0.597818819102725,"schab","Art_02_S17","slow","t",-6.98004403496286
"6078",-1.8991889710571,-0.63485940468943,"lahm","Art_02_S17","slow","en",-6.26363838052402
"6044",-1.64357622860133,-0.579800638269512,"blas","Art_02_S17","slow","n",-5.74075963524368
"690855",-1.74885021412618,-0.738237244989877,"lahm","Art_02_S17","slow","t",-6.46936984733652
"6139",-1.88213079160019,-0.597818819102725,"wat","Art_02_S17","slow","n",-6.42783041627999
"1617830",-1.65858681506336,-0.653907236822316,"bahn","Art_02_S17","slow","t",-5.76271867920494
"6105",-1.71905486213126,-0.544709934210965,"schad","Art_02_S17","slow","en",-4.99646665212101
"6102",-1.68029121016326,-0.462019586706663,"mahn","Art_02_S17","slow","en",-5.81383154910887
"6057",-1.86177684613499,-0.415500292561298,"fahnd","Art_02_S17","slow","en",-6.14938581176987
"930190",-2.05593286057601,-0.733948341963878,"schab","Art_02_S17","fast","t",-6.98004403496286
"6160",-1.72278052266447,-0.713329479922444,"blas","Art_02_S17","fast","n",-5.74075963524368
"6235",-2.21008354040328,-0.733948341963863,"schlaf","Art_02_S17","fast","n",-4.67630164601676
"6182",-1.86899535275666,-0.755001307908627,"lahm","Art_02_S17","fast","en",-6.26363838052402
"683057",-2.03801798989969,-0.733948341963893,"lahm","Art_02_S17","fast","t",-6.46936984733652
"6178",-2.26360220663757,-0.713329479922418,"fahnd","Art_02_S17","fast","n",-6.14938581176987
"6198",-1.84920469035833,-0.755001307908627,"mahn","Art_02_S17","fast","en",-5.81383154910887
"987192",-1.80706457389394,-0.798485474242446,"bahn","Art_02_S17","fast","t",-5.76271867920494
"6223",-1.78104944511786,-0.713329479922447,"schad","Art_02_S17","fast","n",-4.99646665212101
"6251",-1.9521799834464,-0.820957825055361,"wat","Art_02_S17","fast","n",-6.42783041627999
"592656",-1.86534827850265,-0.65390723682233,"zahn","Art_02_S17","slow","t",-7.53739429132134
"6278",-1.87303652311264,-0.494279928506524,"faseln","Art_02_S17","slow","n",-6.64144355246975
"6308",-1.96228434541913,-0.494279928506501,"tafeln","Art_02_S17","slow","n",-6.96970320162464
"6269",-1.70393359513981,-0.616167621076773,"bahn","Art_02_S17","slow","en",-5.79293123007552
"6288",-2.04022082852659,-0.462019586706663,"latsch","Art_02_S17","slow","n",-6.73180479259076
"6358",-2.26236417853316,-0.616167621076766,"tafeln","Art_02_S17","fast","n",-6.96970320162464
"6330",-1.86797246760037,-0.673324945612864,"bahn","Art_02_S17","fast","en",-5.79293123007552
"6345",-2.0122863211208,-0.693127180759936,"latsch","Art_02_S17","fast","n",-6.73180479259076
"746958",-1.95024772228913,-0.653907236822344,"zahn","Art_02_S17","fast","t",-7.53739429132134
"6331",-2.04749721469641,-0.653907236822316,"faseln","Art_02_S17","fast","n",-6.64144355246975
"6392",-1.77313685874861,-0.653907236822344,"schab","Art_02_S17","slow","n",-6.69772500301848
"382460",-2.04062849420255,-0.61616762107676,"zahl","Art_02_S17","slow","t",-4.75377031078047
"637259",-2.08663476721116,-0.527615793073466,"schlaf","Art_02_S17","slow","t",-6.75924304093769
"6418",-1.82682228721134,-0.597818819102725,"tadeln","Art_02_S17","slow","n",-6.2027657386056
"6384",-1.72355258329761,-0.663075738177351,"bad","Art_02_S17","slow","en",-5.41767949883663
"770959",-1.67585956326431,-0.602763447083835,"blas","Art_02_S17","slow","t",-7.50118211866689
"6439",-1.84093931362371,-0.430767531595398,"zahl","Art_02_S17","slow","en",-4.27548008148666
"1039262",-1.92754249363496,-0.371049188742226,"latsch","Art_02_S17","slow","t",-7.14324727166644
"6403",-1.9428361078843,-0.544709934210965,"stapeln","Art_02_S17","slow","n",-5.92048517895446
"6450",-1.78826298844017,-0.510808957238216,"zahn","Art_02_S17","slow","en",-7.59809213167495
"1575167",-1.71320700249505,-0.733948341963834,"mahn","Art_02_S17","slow","t",-5.54965032812455
"6536",-2.00452036815436,-0.478019672040818,"zahn","Art_02_S17","fast","en",-7.59809213167495
"6483",-1.89985219859267,-0.766308894165885,"schab","Art_02_S17","fast","n",-6.69772500301848
"6499",-2.06982764889484,-0.61616762107676,"stapeln","Art_02_S17","fast","n",-5.92048517895446
"381462",-2.04515780767094,-0.713329479922433,"latsch","Art_02_S17","fast","t",-7.14324727166644
"422060",-2.32096572588355,-0.63485940468943,"zahl","Art_02_S17","fast","t",-4.75377031078047
"447661",-1.8713006466506,-0.843946814750981,"mahn","Art_02_S17","fast","t",-5.54965032812455
"6467",-1.75543750991628,-0.820957825055345,"bad","Art_02_S17","fast","n",-5.41767949883663
"819561",-1.92182157877574,-0.63485940468943,"schlaf","Art_02_S17","fast","t",-6.75924304093769
"854262",-1.84729437768897,-0.967557710818452,"blas","Art_02_S17","fast","t",-7.50118211866689
"6530",-2.12242133358264,-0.63485940468943,"zahl","Art_02_S17","fast","en",-4.27548008148666
"6510",-2.05264280664207,-0.616167621076747,"tadeln","Art_02_S17","fast","n",-6.2027657386056
"6672",-1.56064774826467,-0.235709675373336,"schlaf","Art_02_S18","slow","n",-4.67630164601676
"268762",-1.29171164232528,-0.301091579361717,"schab","Art_02_S18","slow","t",-6.98004403496286
"6606",-1.54251320163298,-0.446271477750483,"lahm","Art_02_S18","slow","n",-6.26363838052402
"6557",-1.2821636682736,-0.248448538867856,"blas","Art_02_S18","slow","en",-5.74075963524368
"699462",-1.21772882890378,-0.162507164861082,"lahm","Art_02_S18","slow","t",-6.46936984733652
"6699",-1.54068198828012,-0.415500292561276,"wat","Art_02_S18","slow","en",-6.42783041627999
"1623236",-1.09672153160193,-0.385647775037747,"bahn","Art_02_S18","slow","t",-5.76271867920494
"6655",-1.42711635564023,-0.385647775037747,"schad","Art_02_S18","slow","n",-4.99646665212101
"6627",-1.30601746634227,-0.400462641335345,"mahn","Art_02_S18","slow","en",-5.81383154910887
"6596",-1.41627436496698,-0.261351777205734,"fahnd","Art_02_S18","slow","en",-6.14938581176987
"6745",-1.6795667037471,-0.51080895723821,"fahnd","Art_02_S18","fast","n",-6.14938581176987
"6761",-1.73319081040987,-0.755001307908635,"lahm","Art_02_S18","fast","n",-6.26363838052402
"6715",-1.43912424863147,-0.478019672040812,"blas","Art_02_S18","fast","n",-5.74075963524368
"6774",-1.46967597005892,-0.597818819102712,"mahn","Art_02_S18","fast","n",-5.81383154910887
"6803",-1.46620001113711,-0.562101374447778,"schad","Art_02_S18","fast","n",-4.99646665212101
"6825",-1.9426717973475,-0.446271477750483,"schlaf","Art_02_S18","fast","n",-4.67630164601676
"973662",-1.52362693687072,-0.63485940468943,"lahm","Art_02_S18","fast","t",-6.46936984733652
"997463",-1.56575562224769,-0.478019672040801,"schab","Art_02_S18","fast","t",-6.98004403496286
"6842",-1.73639746358679,-0.693127180759936,"wat","Art_02_S18","fast","n",-6.42783041627999
"10721102",-1.53271354431057,-0.798485474242446,"bahn","Art_02_S18","fast","t",-5.76271867920494
"6940",-1.67212373745494,-0.235709675373334,"tafeln","Art_02_S18","slow","n",-6.96970320162464
"6853",-1.29604153758891,-0.371049188742226,"bahn","Art_02_S18","slow","n",-5.79293123007552
"6907",-1.68196887195641,-0.356660658326478,"latsch","Art_02_S18","slow","n",-6.73180479259076
"1280438",-1.19829665960556,-0.210708685712858,"zahn","Art_02_S18","slow","t",-7.53739429132134
"6886",-1.30710706123033,-0.150811261895224,"faseln","Art_02_S18","slow","n",-6.64144355246975
"6948",-1.39446594239319,-0.506985918269163,"bahn","Art_02_S18","fast","en",-5.79293123007552
"7010",-1.71417546247795,-0.54470993421099,"latsch","Art_02_S18","fast","n",-6.73180479259076
"6973",-1.32529909507082,-0.385647775037768,"faseln","Art_02_S18","fast","n",-6.64144355246975
"7023",-1.69048965228636,-0.400462641335366,"tafeln","Art_02_S18","fast","n",-6.96970320162464
"1107865",-1.36678035249213,-0.446271477750483,"zahn","Art_02_S18","fast","t",-7.53739429132134
"7155",-1.22950879227822,-0.156857894918587,"zahn","Art_02_S18","slow","n",-7.59809213167495
"7087",-1.85119799497014,-0.0942996905206313,"stapeln","Art_02_S18","slow","n",-5.92048517895446
"2571104",-1.34976473039159,-0.261351777205752,"schlaf","Art_02_S18","slow","t",-6.75924304093769
"7129",-1.38650220663335,-0.287668739207331,"zahl","Art_02_S18","slow","en",-4.27548008148666
"1119465",-1.20932282881768,-0.430767531595398,"mahn","Art_02_S18","slow","t",-5.54965032812455
"1282038",-1.42711635564011,-0.46201958670664,"latsch","Art_02_S18","slow","t",-7.14324727166644
"7103",-1.28755096171664,-0.139250573146684,"tadeln","Art_02_S18","slow","en",-6.2027657386056
"7049",-1.20865469901899,-0.314697046303398,"bad","Art_02_S18","slow","en",-5.41767949883663
"1996337",-1.23787435600164,-0.198438743676251,"blas","Art_02_S18","slow","t",-7.50118211866689
"7066",-1.31064998847642,-0.248448538867856,"schab","Art_02_S18","slow","n",-6.69772500301848
"2069735",-1.45549507812028,-0.261351777205771,"zahl","Art_02_S18","slow","t",-4.75377031078047
"7229",-1.44530743285893,-0.437554509427061,"tadeln","Art_02_S18","fast","n",-6.2027657386056
"7279",-1.54190940516018,-0.467218765473397,"zahn","Art_02_S18","fast","en",-7.59809213167495
"7189",-1.52075040641823,-0.563817117376881,"schab","Art_02_S18","fast","n",-6.69772500301848
"748464",-1.752403006441,-0.713329479922447,"latsch","Art_02_S18","fast","t",-7.14324727166644
"864467",-1.48230619461133,-0.597818819102725,"zahl","Art_02_S18","fast","t",-4.75377031078047
"7221",-1.71837895808401,-0.356660658326498,"stapeln","Art_02_S18","fast","n",-5.92048517895446
"913467",-1.46967597005892,-0.527615793073478,"blas","Art_02_S18","fast","t",-7.50118211866689
"7253",-1.42761284309536,-0.446271477750505,"zahl","Art_02_S18","fast","en",-4.27548008148666
"1055566",-1.51507882458031,-0.77650705060486,"mahn","Art_02_S18","fast","t",-5.54965032812455
"1195267",-1.62420839126531,-0.462019586706663,"schlaf","Art_02_S18","fast","t",-6.75924304093769
"1213205",-1.62611281782446,-0.527615793073466,"schab","Art_02_S20","slow","t",-6.98004403496286
"7308",-1.5131384999653,-0.465956710443248,"blas","Art_02_S20","slow","n",-5.74075963524368
"7397",-1.71841917226455,-0.385647775037747,"schlaf","Art_02_S20","slow","n",-4.67630164601676
"7348",-1.70532372419418,-0.527615793073478,"lahm","Art_02_S20","slow","en",-6.26363838052402
"11610103",-1.68117515526135,-0.653907236822344,"lahm","Art_02_S20","slow","t",-6.46936984733652
"7320",-1.6531111216091,-0.395372286757904,"fahnd","Art_02_S20","slow","en",-6.14938581176987
"7358",-1.47351210689596,-0.544709934210965,"mahn","Art_02_S20","slow","en",-5.81383154910887
"1697437",-1.18254872570825,-0.494279928506501,"bahn","Art_02_S20","slow","t",-5.76271867920494
"7380",-1.50013647228016,-0.56210137444774,"schad","Art_02_S20","slow","en",-4.99646665212101
"7430",-1.64671213456748,-0.616222981513232,"wat","Art_02_S20","slow","en",-6.42783041627999
"7460",-1.70467026427475,-0.635942460308247,"fahnd","Art_02_S20","fast","n",-6.14938581176987
"7480",-1.76152628924031,-0.73614341087237,"lahm","Art_02_S20","fast","n",-6.26363838052402
"7439",-1.5680967550347,-0.594860709734552,"blas","Art_02_S20","fast","n",-5.74075963524368
"7497",-1.56081436601538,-0.477623232783887,"mahn","Art_02_S20","fast","en",-5.81383154910887
"7517",-1.57820241985387,-0.693127180759936,"schad","Art_02_S20","fast","n",-4.99646665212101
"7539",-1.6748887118439,-0.400462641335387,"schlaf","Art_02_S20","fast","en",-4.67630164601676
"959569",-1.64847295309365,-0.526815071463947,"lahm","Art_02_S20","fast","t",-6.46936984733652
"9851107",-1.47238496945237,-0.139250573146684,"schab","Art_02_S20","fast","t",-6.98004403496286
"7556",-1.55683856212128,-0.616167621076773,"wat","Art_02_S20","fast","n",-6.42783041627999
"10610104",-1.56735281703529,-0.733948341963863,"bahn","Art_02_S20","fast","t",-5.76271867920494
"7647",-1.74503416131932,-0.287668739207331,"tafeln","Art_02_S20","slow","en",-6.96970320162464
"7571",-1.4509783920515,-0.446271477750483,"bahn","Art_02_S20","slow","en",-5.79293123007552
"7626",-1.61172584190089,-0.405937586003033,"latsch","Art_02_S20","slow","en",-6.73180479259076
"1266746",-1.38643294496275,-0.400462641335366,"zahn","Art_02_S20","slow","t",-7.53739429132134
"7600",-1.3924084332859,-0.348578430294816,"faseln","Art_02_S20","slow","en",-6.64144355246975
"7672",-1.60388573293971,-0.5538306060324,"bahn","Art_02_S20","fast","en",-5.79293123007552
"7699",-1.99016488043562,-0.562101374447778,"latsch","Art_02_S20","fast","n",-6.73180479259076
"7685",-1.49382942577485,-0.356660658326478,"faseln","Art_02_S20","fast","en",-6.64144355246975
"7718",-1.70981917063361,-0.401944262582522,"tafeln","Art_02_S20","fast","en",-6.96970320162464
"1111669",-1.47294662296064,-0.462019586706663,"zahn","Art_02_S20","fast","t",-7.53739429132134
"7846",-1.47112682381202,-0.409700991015643,"zahn","Art_02_S20","slow","en",-7.59809213167495
"7782",-1.71962384029325,-0.243194415714389,"stapeln","Art_02_S20","slow","en",-5.92048517895446
"259571",-1.72137572189088,-0.415500292561298,"schlaf","Art_02_S20","slow","t",-6.75924304093769
"7822",-1.42732420115363,-0.378606357002526,"zahl","Art_02_S20","slow","en",-4.27548008148666
"1121371",-1.53509261588,-0.673324945612843,"mahn","Art_02_S20","slow","t",-5.54965032812455
"1283243",-1.87869867519676,-0.162507164861082,"latsch","Art_02_S20","slow","t",-7.14324727166644
"7800",-1.5596936044373,-0.490257076578688,"tadeln","Art_02_S20","slow","en",-6.2027657386056
"7738",-1.45757268008087,-0.535576454673905,"bad","Art_02_S20","slow","en",-5.41767949883663
"1996638",-1.68021686863326,-0.755001307908627,"blas","Art_02_S20","slow","t",-7.50118211866689
"7754",-1.52513589064203,-0.621599352560051,"schab","Art_02_S20","slow","en",-6.69772500301848
"2071340",-1.50903677269257,-0.430767531595442,"zahl","Art_02_S20","slow","t",-4.75377031078047
"7915",-1.72372441330004,-0.713444050204302,"tadeln","Art_02_S20","fast","n",-6.2027657386056
"7937",-1.54364726412793,-0.516063897853424,"zahn","Art_02_S20","fast","en",-7.59809213167495
"7878",-1.46167368116824,-0.535870400320753,"bad","Art_02_S20","fast","en",-5.41767949883663
"7481111",-1.77578723279823,-0.400462641335387,"latsch","Art_02_S20","fast","t",-7.14324727166644
"865275",-2.03392515567694,-0.415500292561298,"zahl","Art_02_S20","fast","t",-4.75377031078047
"7885",-1.88522246470978,-0.466605848568601,"stapeln","Art_02_S20","fast","en",-5.92048517895446
"913373",-1.62999218069005,-0.597818819102725,"blas","Art_02_S20","fast","t",-7.50118211866689
"7935",-1.65394601684415,-0.261351777205734,"zahl","Art_02_S20","fast","en",-4.27548008148666
"1053372",-1.68844726922701,-0.415500292561298,"mahn","Art_02_S20","fast","t",-5.54965032812455
"1195371",-1.70020533499331,-0.693127180759936,"schlaf","Art_02_S20","fast","t",-6.75924304093769
"8055",-1.9140087044183,-0.573802625220199,"schlaf","Art_02_S21","slow","n",-4.67630164601676
"263573",-1.5916272524449,-0.713329479922447,"schab","Art_02_S21","slow","t",-6.98004403496286
"8002",-1.84520371241018,-0.679769559124037,"lahm","Art_02_S21","slow","n",-6.26363838052402
"7959",-1.70062815473252,-0.430767531595409,"blas","Art_02_S21","slow","n",-5.74075963524368
"694073",-1.54677988182285,-0.891573729337319,"lahm","Art_02_S21","slow","t",-6.46936984733652
"8071",-1.80815373500647,-0.56210137444779,"wat","Art_02_S21","slow","n",-6.42783041627999
"1619242",-1.63689683542506,-0.527615793073454,"bahn","Art_02_S21","slow","t",-5.76271867920494
"8046",-1.65323127849,-0.494279928506501,"schad","Art_02_S21","slow","n",-4.99646665212101
"8012",-1.66341007715742,-0.527615793073454,"mahn","Art_02_S21","slow","n",-5.81383154910887
"7990",-1.70945555732336,-0.44627147775046,"fahnd","Art_02_S21","slow","n",-6.14938581176987
"986278",-1.89411453640129,-0.91626573218665,"schab","Art_02_S21","fast","t",-6.98004403496286
"8086",-1.86634396847779,-0.527615793073466,"blas","Art_02_S21","fast","n",-5.74075963524368
"8155",-2.05810427143309,-0.462019586706652,"schlaf","Art_02_S21","fast","n",-4.67630164601676
"8121",-1.79822768856879,-0.733121928465794,"lahm","Art_02_S21","fast","en",-6.26363838052402
"687574",-1.89398764089957,-0.994225246682043,"lahm","Art_02_S21","fast","t",-6.46936984733652
"8096",-2.3025850929941,-0.802156083513699,"fahnd","Art_02_S21","fast","en",-6.14938581176987
"8129",-1.77037073406583,-0.653907236822344,"mahn","Art_02_S21","fast","en",-5.81383154910887
"991473",-1.84423226301196,-0.77650705060486,"bahn","Art_02_S21","fast","t",-5.76271867920494
"8140",-1.82622570334783,-0.653907236822344,"schad","Art_02_S21","fast","en",-4.99646665212101
"8167",-1.90167927779622,-0.673324945612843,"wat","Art_02_S21","fast","n",-6.42783041627999
"632975",-1.75761552875922,-0.527615793073454,"zahn","Art_02_S21","slow","t",-7.53739429132134
"8215",-1.83721468291913,-0.371049188742226,"faseln","Art_02_S21","slow","n",-6.64144355246975
"8188",-1.73369840661769,-0.634859404689484,"bahn","Art_02_S21","slow","n",-5.79293123007552
"8223",-1.83258146374833,-0.523047001954025,"latsch","Art_02_S21","slow","n",-6.73180479259076
"8279",-1.95802865355411,-0.453447510240123,"tafeln","Art_02_S21","fast","n",-6.96970320162464
"8233",-1.76098018981273,-0.597818819102725,"bahn","Art_02_S21","fast","en",-5.79293123007552
"8272",-2.00220746121991,-0.676149396798263,"latsch","Art_02_S21","fast","n",-6.73180479259076
"731975",-1.75030203951881,-0.494279928506524,"zahn","Art_02_S21","fast","t",-7.53739429132134
"8255",-1.83103112487782,-0.430269316347356,"faseln","Art_02_S21","fast","n",-6.64144355246975
"8319",-1.88451607927936,-0.653907236822344,"schab","Art_02_S21","slow","n",-6.69772500301848
"377078",-1.95561200096304,-0.562101374447778,"zahl","Art_02_S21","slow","t",-4.75377031078047
"8334",-1.90682183679368,-0.521671778938409,"tadeln","Art_02_S21","slow","en",-6.2027657386056
"8298",-1.66262609890825,-0.579800638269538,"bad","Art_02_S21","slow","n",-5.41767949883663
"761676",-1.75672795766199,-0.462019586706663,"blas","Art_02_S21","slow","t",-7.50118211866689
"8348",-1.64610505583435,-0.415500292561298,"zahl","Art_02_S21","slow","en",-4.27548008148666
"1029676",-1.70761379569198,-0.63485940468943,"latsch","Art_02_S21","slow","t",-7.14324727166644
"8366",-1.74523515842822,-0.47467653528795,"zahn","Art_02_S21","slow","n",-7.59809213167495
"1563641",-1.79857364947863,-0.673324945612871,"mahn","Art_02_S21","slow","t",-5.54965032812455
"8469",-1.84494730184855,-0.510808957238216,"zahn","Art_02_S21","fast","n",-7.59809213167495
"8397",-1.85571236055991,-0.646572982888381,"schab","Art_02_S21","fast","n",-6.69772500301848
"8422",-1.91227301014956,-0.385647775037758,"stapeln","Art_02_S21","fast","n",-5.92048517895446
"378578",-1.75274060543945,-0.597818819102712,"latsch","Art_02_S21","fast","t",-7.14324727166644
"420577",-1.90619822511302,-0.61616762107676,"zahl","Art_02_S21","fast","t",-4.75377031078047
"444079",-1.83275683055259,-0.597818819102725,"mahn","Art_02_S21","fast","t",-5.54965032812455
"8393",-1.6914250192344,-0.597818819102725,"bad","Art_02_S21","fast","n",-5.41767949883663
"8111119",-1.80911289253253,-0.597818819102725,"schlaf","Art_02_S21","fast","t",-6.75924304093769
"846286",-1.76230859291745,-0.755001307908627,"blas","Art_02_S21","fast","t",-7.50118211866689
"8449",-1.66725831637972,-0.562101374447765,"zahl","Art_02_S21","fast","n",-4.27548008148666
"8434",-1.83262049000291,-0.443582603360913,"tadeln","Art_02_S21","fast","en",-6.2027657386056
"8574",-1.88864986438614,-0.385647775037763,"schlaf","Art_02_S22","slow","en",-4.67630164601676
"254979",-1.86579560572998,-0.510808957238216,"schab","Art_02_S22","slow","t",-6.98004403496286
"8520",-1.73616948612481,-0.562101374447778,"lahm","Art_02_S22","slow","en",-6.26363838052402
"8497",-1.6400835360625,-0.402964108242081,"blas","Art_02_S22","slow","en",-5.74075963524368
"684680",-1.82860435546577,-0.430767531595398,"lahm","Art_02_S22","slow","t",-6.46936984733652
"8589",-1.8809229003355,-0.616167621076773,"wat","Art_02_S22","slow","en",-6.42783041627999
"1606642",-1.46082276459369,-0.527615793073454,"bahn","Art_02_S22","slow","t",-5.76271867920494
"8569",-1.53955772704305,-0.314697046303398,"schad","Art_02_S22","slow","en",-4.99646665212101
"8537",-1.57731687083205,-0.382310293929049,"mahn","Art_02_S22","slow","en",-5.81383154910887
"8512",-1.88124318846602,-0.354883347340409,"fahnd","Art_02_S22","slow","en",-6.14938581176987
"1007290",-2.03956324776362,-0.653907236822344,"schab","Art_02_S22","fast","t",-6.98004403496286
"8609",-1.96644439537401,-0.734909748044666,"blas","Art_02_S22","fast","n",-5.74075963524368
"8678",-2.26724195424323,-0.787946420134491,"schlaf","Art_02_S22","fast","n",-4.67630164601676
"8638",-2.09230050474688,-0.820957825055361,"lahm","Art_02_S22","fast","n",-6.26363838052402
"680481",-2.21443326452972,-1.17115072395869,"lahm","Art_02_S22","fast","t",-6.46936984733652
"8617",-1.98290772556108,-0.579800638269512,"fahnd","Art_02_S22","fast","n",-6.14938581176987
"8651",-1.92147624090812,-0.713329479922418,"mahn","Art_02_S22","fast","en",-5.81383154910887
"979478",-1.94799854958321,-0.843946814750998,"bahn","Art_02_S22","fast","t",-5.76271867920494
"8665",-1.95877714707189,-0.776507050604829,"schad","Art_02_S22","fast","n",-4.99646665212101
"8688",-2.04272504955947,-0.733948341963863,"wat","Art_02_S22","fast","en",-6.42783041627999
"579880",-1.86512468990472,-0.462019586706663,"zahn","Art_02_S22","slow","t",-7.53739429132134
"8720",-1.76253460795445,-0.430767531595398,"faseln","Art_02_S22","slow","en",-6.64144355246975
"8710",-1.67323029337734,-0.408586361527455,"bahn","Art_02_S22","slow","en",-5.79293123007552
"8730",-1.76220379352963,-0.4029659677333,"latsch","Art_02_S22","slow","en",-6.73180479259076
"8784",-2.57109688594057,-0.733948341963878,"tafeln","Art_02_S22","fast","en",-6.96970320162464
"8753",-2.00336197356666,-0.71332947992244,"bahn","Art_02_S22","fast","en",-5.79293123007552
"8776",-2.50584111604816,-0.867476758464344,"latsch","Art_02_S22","fast","n",-6.73180479259076
"8770",-1.98001954624446,-0.693127180759936,"faseln","Art_02_S22","fast","en",-6.64144355246975
"8890",-1.72010330761813,-0.305150585668693,"zahn","Art_02_S22","slow","en",-7.59809213167495
"8819",-1.5446980243938,-0.261945474175163,"schab","Art_02_S22","slow","en",-6.69772500301848
"8841",-1.99591163290829,-0.289798033833198,"stapeln","Art_02_S22","slow","en",-5.92048517895446
"6410118",-1.75012569116926,-0.235709675373334,"latsch","Art_02_S22","slow","t",-7.14324727166644
"761482",-1.35501228829901,-0.356660658326498,"mahn","Art_02_S22","slow","t",-5.54965032812455
"8798",-1.57363240702135,-0.443019152456182,"bad","Art_02_S22","slow","en",-5.41767949883663
"14141100",-1.79397064940667,-0.400462641335345,"schlaf","Art_02_S22","slow","t",-6.75924304093769
"1474644",-1.65730839954439,-0.462019586706663,"blas","Art_02_S22","slow","t",-7.50118211866689
"8862",-1.98979280424625,-0.384495073033862,"zahl","Art_02_S22","slow","en",-4.27548008148666
"8849",-2.05038454540313,-0.34598806738014,"tadeln","Art_02_S22","slow","en",-6.2027657386056
"8966",-1.78578213859095,-0.461735292788869,"zahn","Art_02_S22","fast","en",-7.59809213167495
"304684",-1.97193889425051,-0.616167621076766,"schlaf","Art_02_S22","fast","t",-6.75924304093769
"328983",-2.09389730131739,-0.61616762107676,"zahl","Art_02_S22","fast","t",-4.75377031078047
"351881",-1.77915556362153,-0.916265732186645,"mahn","Art_02_S22","fast","t",-5.54965032812455
"8939",-1.49607500675352,-0.356660658326478,"tadeln","Art_02_S22","fast","en",-6.2027657386056
"8960",-2.14004104009669,-0.558865111940386,"zahl","Art_02_S22","fast","en",-4.27548008148666
"7281123",-1.90233349891768,-0.261351777205752,"latsch","Art_02_S22","fast","t",-7.14324727166644
"8899",-1.52389360429409,-0.494279928506524,"bad","Art_02_S22","fast","n",-5.41767949883663
"1191983",-1.65485784694398,-0.653907236822344,"blas","Art_02_S22","fast","t",-7.50118211866689
"8920",-1.75122538606929,-0.400462641335387,"schab","Art_02_S22","fast","en",-6.69772500301848
"9086",-1.85632382892878,-0.534964291749315,"schlaf","Art_02_S23","slow","en",-4.67630164601676
"259885",-1.76008587636232,-0.597818819102725,"schab","Art_02_S23","slow","t",-6.98004403496286
"9030",-1.73630949710985,-0.755001307908627,"lahm","Art_02_S23","slow","n",-6.26363838052402
"8983",-1.49603381715103,-0.579800638269512,"blas","Art_02_S23","slow","n",-5.74075963524368
"690485",-1.71990475935696,-0.653907236822316,"lahm","Art_02_S23","slow","t",-6.46936984733652
"9101",-1.78503458209229,-0.693127180759936,"wat","Art_02_S23","slow","en",-6.42783041627999
"1616045",-1.72897322481232,-0.673324945612815,"bahn","Art_02_S23","slow","t",-5.76271867920494
"9062",-1.69491347654939,-0.693127180759936,"schad","Art_02_S23","slow","n",-4.99646665212101
"9058",-1.67691838746431,-0.673324945612871,"mahn","Art_02_S23","slow","en",-5.81383154910887
"9011",-1.66875483822815,-0.44627147775046,"fahnd","Art_02_S23","slow","n",-6.14938581176987
"916300",-2.02428687466197,-0.597818819102725,"schab","Art_02_S23","fast","t",-6.98004403496286
"9118",-1.52761750109195,-0.569567369409023,"blas","Art_02_S23","fast","en",-5.74075963524368
"9205",-1.71135694820718,-0.63238275862691,"schlaf","Art_02_S23","fast","en",-4.67630164601676
"9160",-1.70796175837314,-0.613675748093548,"lahm","Art_02_S23","fast","en",-6.26363838052402
"671487",-1.66763823663755,-0.682465359590993,"lahm","Art_02_S23","fast","t",-6.46936984733652
"9139",-1.70837343616981,-0.38846809233682,"fahnd","Art_02_S23","fast","en",-6.14938581176987
"9176",-1.6538993170234,-0.755316519377239,"mahn","Art_02_S23","fast","en",-5.81383154910887
"969685",-1.53200883532704,-0.733948341963893,"bahn","Art_02_S23","fast","t",-5.76271867920494
"9189",-1.81574340081685,-0.552937394374398,"schad","Art_02_S23","fast","en",-4.99646665212101
"9229",-1.65796684347748,-0.602096041258473,"wat","Art_02_S23","fast","en",-6.42783041627999
"579786",-1.64507854697024,-0.510808957238216,"zahn","Art_02_S23","slow","t",-7.53739429132134
"9267",-1.70779061550512,-0.533925409815121,"faseln","Art_02_S23","slow","en",-6.64144355246975
"9297",-1.86390599237954,-0.400462641335345,"tafeln","Art_02_S23","slow","en",-6.96970320162464
"9258",-1.6268827386637,-0.616167621076773,"bahn","Art_02_S23","slow","en",-5.79293123007552
"9285",-1.75056243168709,-0.544709934210965,"latsch","Art_02_S23","slow","n",-6.73180479259076
"9367",-1.95038977399102,-0.394308618023669,"tafeln","Art_02_S23","fast","en",-6.96970320162464
"9313",-1.55189774239215,-0.53068600713993,"bahn","Art_02_S23","fast","en",-5.79293123007552
"9357",-1.8569123566846,-0.597818819102712,"latsch","Art_02_S23","fast","n",-6.73180479259076
"736886",-1.65450949599689,-0.673324945612871,"zahn","Art_02_S23","fast","t",-7.53739429132134
"9339",-1.72590172714846,-0.478019672040824,"faseln","Art_02_S23","fast","en",-6.64144355246975
"9400",-1.82597233781827,-0.673324945612857,"schab","Art_02_S23","slow","n",-6.69772500301848
"370488",-1.6446167030571,-0.54470993421099,"zahl","Art_02_S23","slow","t",-4.75377031078047
"9440",-2.01831547463499,-0.579873063641793,"tadeln","Art_02_S23","slow","en",-6.2027657386056
"9380",-1.61824876636437,-0.63485940468943,"bad","Art_02_S23","slow","n",-5.41767949883663
"757387",-1.67562877917784,-0.415500292561276,"blas","Art_02_S23","slow","t",-7.50118211866689
"9452",-1.7067748394749,-0.478019672040801,"zahl","Art_02_S23","slow","en",-4.27548008148666
"9416",-1.80716027598982,-0.400462641335366,"stapeln","Art_02_S23","slow","n",-5.92048517895446
"9470",-1.5843842768967,-0.509153239589271,"zahn","Art_02_S23","slow","en",-7.59809213167495
"1558647",-1.51942475093999,-0.755001307908627,"mahn","Art_02_S23","slow","t",-5.54965032812455
"9550",-1.61149299390118,-0.41953639440781,"zahn","Art_02_S23","fast","en",-7.59809213167495
"9501",-2.00912182142805,-0.342476224538914,"stapeln","Art_02_S23","fast","n",-5.92048517895446
"419489",-1.77024526281468,-0.61616762107676,"zahl","Art_02_S23","fast","t",-4.75377031078047
"445691",-1.76149622456079,-0.843946814750964,"mahn","Art_02_S23","fast","t",-5.54965032812455
"9483",-1.72717781216785,-0.630505739641393,"bad","Art_02_S23","fast","en",-5.41767949883663
"810790",-1.53267318674988,-0.579800638269512,"schlaf","Art_02_S23","fast","t",-6.75924304093769
"9530",-1.93470507005263,-0.582185772342144,"zahl","Art_02_S23","fast","en",-4.27548008148666
"9514",-1.83808722905394,-0.550492542672679,"tadeln","Art_02_S23","fast","en",-6.2027657386056
"9590",-1.6837977215481,-0.415500292561298,"fahnd","Art_02_S24","slow","n",-6.14938581176987
"9609",-1.50335452512719,-0.562101374447778,"lahm","Art_02_S24","slow","en",-6.26363838052402
"9564",-1.36569692987245,-0.400462641335366,"blas","Art_02_S24","slow","n",-5.74075963524368
"9632",-1.38377001174353,-0.466671230690576,"mahn","Art_02_S24","slow","en",-5.81383154910887
"9658",-1.4050038499299,-0.448895933094183,"schad","Art_02_S24","slow","n",-4.99646665212101
"9683",-1.65148747935381,-0.314697046303379,"schlaf","Art_02_S24","slow","en",-4.67630164601676
"16981104",-1.53848956282871,-0.63485940468943,"lahm","Art_02_S24","slow","t",-6.46936984733652
"1743350",-1.74570236114478,-0.105349404608433,"schab","Art_02_S24","slow","t",-6.98004403496286
"9702",-1.51412773262978,-0.478019672040847,"wat","Art_02_S24","slow","n",-6.42783041627999
"1878048",-1.4543553354065,-0.462019586706663,"bahn","Art_02_S24","slow","t",-5.76271867920494
"9792",-1.77978531601631,-0.0214022108086951,"schlaf","Art_02_S24","fast","n",-4.67630164601676
"9809",-1.61925193615967,-0.597818819102725,"wat","Art_02_S24","fast","n",-6.42783041627999
"9776",-1.7945680964416,-0.709120733496236,"mahn","Art_02_S24","fast","en",-5.81383154910887
"9724",-1.55047383837145,-0.546450064445796,"blas","Art_02_S24","fast","n",-5.74075963524368
"612891",-1.75469655345733,-0.63485940468943,"schab","Art_02_S24","fast","t",-6.98004403496286
"9745",-1.90340687647575,-0.515972192070152,"fahnd","Art_02_S24","fast","en",-6.14938581176987
"6381130",-1.66619320491347,-0.301091579361717,"bahn","Art_02_S24","fast","t",-5.76271867920494
"9760",-1.80925881185157,-0.847411111673188,"lahm","Art_02_S24","fast","n",-6.26363838052402
"11751129",-1.82174870788339,-0.446271477750483,"lahm","Art_02_S24","fast","t",-6.46936984733652
"9829",-1.4741801210322,-0.370298282528001,"bahn","Art_02_S24","slow","en",-5.79293123007552
"9873",-1.70682363849921,-0.454739002582807,"latsch","Art_02_S24","slow","n",-6.73180479259076
"9851",-1.5234442240187,-0.261351777205771,"faseln","Art_02_S24","slow","en",-6.64144355246975
"9891",-1.83355052087483,-0.232361135540896,"tafeln","Art_02_S24","slow","en",-6.96970320162464
"1994949",-1.69679882147967,-0.385647775037747,"zahn","Art_02_S24","slow","t",-7.53739429132134
"929308",-1.66114864982084,-0.579800638269522,"zahn","Art_02_S24","fast","t",-7.53739429132134
"9907",-1.66829341923782,-0.733948341963878,"bahn","Art_02_S24","fast","en",-5.79293123007552
"9960",-1.93766894008226,-0.430767531595414,"tafeln","Art_02_S24","fast","en",-6.96970320162464
"9944",-1.83924952553529,-0.494279928506524,"latsch","Art_02_S24","fast","en",-6.73180479259076
"9926",-1.68992658920838,-0.562101374447765,"faseln","Art_02_S24","fast","n",-6.64144355246975
"9998",-1.58595821989736,-0.579800638269525,"schab","Art_02_S24","slow","n",-6.69772500301848
"10036",-1.46446999209862,-0.301091579361708,"tadeln","Art_02_S24","slow","en",-6.2027657386056
"10080",-1.47628614861177,-0.301091579361708,"zahn","Art_02_S24","slow","n",-7.59809213167495
"708993",-1.52928691890169,-0.235709675373325,"schlaf","Art_02_S24","slow","t",-6.75924304093769
"1034493",-1.46837392811718,-0.248448538867856,"latsch","Art_02_S24","slow","t",-7.14324727166644
"9974",-1.44317642330279,-0.497544235129248,"bad","Art_02_S24","slow","n",-5.41767949883663
"11413108",-1.41701735351786,0.463740305520543,"blas","Art_02_S24","slow","t",-7.50118211866689
"10018",-1.72871217759389,-0.268419253497915,"stapeln","Art_02_S24","slow","en",-5.92048517895446
"1229986",-1.50295313240359,0.518799745778411,"zahl","Art_02_S24","slow","t",-4.75377031078047
"10059",-1.57428944156318,-0.342476224538944,"zahl","Art_02_S24","slow","en",-4.27548008148666
"1830647",-1.46967597005899,-0.301091579361698,"mahn","Art_02_S24","slow","t",-5.54965032812455
"10103",-1.44246129786811,-0.637556717332444,"bad","Art_02_S24","fast","en",-5.41767949883663
"10159",-1.80925881185161,-0.696535519344425,"tadeln","Art_02_S24","fast","en",-6.2027657386056
"10175",-1.74421365231071,-0.562101374447778,"zahn","Art_02_S24","fast","en",-7.59809213167495
"10126",-1.69416104651905,-0.662994665090362,"schab","Art_02_S24","fast","n",-6.69772500301848
"585593",-1.6171596138239,-0.63485940468943,"mahn","Art_02_S24","fast","t",-5.54965032812455
"10144",-1.88703982580921,-0.43076753159542,"stapeln","Art_02_S24","fast","en",-5.92048517895446
"760494",-1.70003660219786,-0.63485940468943,"blas","Art_02_S24","fast","t",-7.50118211866689
"952496",-1.89711998488594,-0.544709934210965,"latsch","Art_02_S24","fast","t",-7.14324727166644
"1157596",-1.71702851898621,-0.653907236822344,"zahl","Art_02_S24","fast","t",-4.75377031078047
